x_m,y_m,z_m
-1.400000000000000000e+01,0.000000000000000000e+00,0.000000000000000000e+00
-1.389006729001730456e+01,1.819022911213085680e-01,3.589910991916209194e-04
-1.377882488285331775e+01,3.626587712259820018e-01,1.433802636655237507e-03
-1.366628237044411875e+01,5.422722237134054435e-01,3.221069551968114460e-03
-1.355244934472580454e+01,7.207454319829642575e-01,5.717264206778260860e-03
-1.343733539763445606e+01,8.980811794340435306e-01,8.918697026985318230e-03
-1.332095012110617027e+01,1.074282249466028460e+00,1.282151695171984511e-02
-1.320330310707702992e+01,1.249351425478304467e+00,1.742171170060033761e-02
-1.308440394748312841e+01,1.423291490870256970e+00,2.271510787078209748e-02
-1.296426223426055913e+01,1.596105229041270279e+00,2.869737087533404118e-02
-1.284288755934540127e+01,1.767795423390731147e+00,3.536400473448286091e-02
-1.272028951467375357e+01,1.938364857318022993e+00,4.271035173125178885e-02
-1.259647769218169167e+01,2.107816314222533016e+00,5.073159194299865782e-02
-1.247146168380532139e+01,2.276152577503644636e+00,5.942274266031193769e-02
-1.234525108148072015e+01,2.443376430560744605e+00,6.877865770467719853e-02
-1.221785547714397602e+01,2.609490656793217234e+00,7.879402665625009905e-02
-1.208928446273119128e+01,2.774498039600448607e+00,8.946337400299810005e-02
-1.195954763017843980e+01,2.938401362381822146e+00,1.007810582223800239e-01
-1.182865457142182031e+01,3.101203408536724826e+00,1.127412708066210661e-01
-1.169661487839741376e+01,3.262906961464541844e+00,1.253380352425353395e-01
-1.156343814304131534e+01,3.423514804564657510e+00,1.385652059567087091e-01
-1.142913395728961490e+01,3.583029721236457910e+00,1.524164672367275264e-01
-1.129371191307840228e+01,3.741454494879328241e+00,1.668853321389806577e-01
-1.115718160234375667e+01,3.898791908892652369e+00,1.819651413934098017e-01
-1.101955261702177680e+01,4.055044746675816825e+00,1.976490623154101289e-01
-1.088083454904855074e+01,4.210215791628208137e+00,2.139300877349111785e-01
-1.074103699036016479e+01,4.364307827149207064e+00,2.308010349524738103e-01
-1.060016953289270880e+01,4.517323636638204576e+00,2.482545447320497756e-01
-1.045824176858227084e+01,4.669266003494580985e+00,2.662830803398422708e-01
-1.031526328936494252e+01,4.820137711117723711e+00,2.848789266384973984e-01
-1.017124368717681016e+01,4.969941542907019283e+00,3.040341892456344119e-01
-1.002619255395396891e+01,5.118680282261851566e+00,3.237407937654941392e-01
-9.880119481632501532e+00,5.266356712581607091e+00,3.439904851022548837e-01
-9.733034062148496091e+00,5.412973617265667059e+00,3.647748268633189128e-01
-9.584945887438044210e+00,5.558533779713421552e+00,3.860852008606276420e-01
-9.435864549437235738e+00,5.703039983324251772e+00,4.079128067178048878e-01
-9.285799640082164075e+00,5.846495011497547800e+00,4.302486615906751521e-01
-9.134760751308906634e+00,5.988901647632689063e+00,4.530836000084241810e-01
-8.982757475053560370e+00,6.130262675129065641e+00,4.764082738424090246e-01
-8.829799403252215129e+00,6.270580877386057850e+00,5.002131524093373915e-01
-8.675896127840955430e+00,6.409859037803057547e+00,5.244885227152626950e-01
-8.521057240755878226e+00,6.548099939779447709e+00,5.492244898465349356e-01
-8.365292333933062707e+00,6.685306366714606874e+00,5.744109775135827212e-01
-8.208610999308600498e+00,6.821481102007928676e+00,6.000377287530712644e-01
-8.051022828818590327e+00,6.956626929058796094e+00,6.260943067937034812e-01
-7.892537414399107831e+00,7.090746631266592992e+00,6.525700960906223314e-01
-7.733164347986249076e+00,7.223842992030704124e+00,6.794543035330389280e-01
-7.572913221516099469e+00,7.355918794750516021e+00,7.067359598294383760e-01
-7.411793626924751521e+00,7.486976822825413436e+00,7.344039210743571466e-01
-7.249815156148296857e+00,7.617019859654784675e+00,7.624468705004343594e-01
-7.086987401122820884e+00,7.746050688638010939e+00,7.908533204191023902e-01
-6.923319953784410785e+00,7.874072093174478759e+00,8.196116143529579290e-01
-6.758822406069156408e+00,8.001086856663571112e+00,8.487099293625330887e-01
-6.593504349913149376e+00,8.127097762504677192e+00,8.781362785698511031e-01
-6.427375377252476873e+00,8.252107594097182641e+00,9.078785138808135313e-01
-6.260445080023227860e+00,8.376119134840466884e+00,9.379243289081481416e-01
-6.092723050161492182e+00,8.499135168133920004e+00,9.682612620962965932e-01
-5.924218879603361465e+00,8.621158477376928531e+00,9.988767000492906334e-01
-5.754942160284919339e+00,8.742191845968871888e+00,1.029757881062330682e+00
-5.584902484142260981e+00,8.862238057309141936e+00,1.060891898857446725e+00
-5.414109443111469133e+00,8.981299894797118100e+00,1.092265706523272373e+00
-5.242572629128634532e+00,9.099380141832188684e+00,1.123866120658639334e+00
-5.070301634129849688e+00,9.216481581813736668e+00,1.155679825719359011e+00
-4.897306050051201787e+00,9.332606998141152133e+00,1.187693378567221458e+00
-4.723595468828778898e+00,9.447759174213816280e+00,1.219893213219902073e+00
-4.549179482398670871e+00,9.561940893431113864e+00,1.252265645800154648e+00
-4.374067682696966664e+00,9.675154939192431414e+00,1.284796879682306603e+00
-4.198269661659758789e+00,9.787404094897159013e+00,1.317473010833781544e+00
-4.021795011223125549e+00,9.898691143944674309e+00,1.350280033349009923e+00
-3.844653323323170113e+00,1.000901886973436561e+01,1.383203845172801039e+00
-3.666854189895971672e+00,1.011839005566561589e+01,1.416230254009904321e+00
-3.488407202877622293e+00,1.022680748513781523e+01,1.449344983417185873e+00
-3.309321954204214933e+00,1.033427394155034662e+01,1.482533679074536481e+00
-3.129608035811832778e+00,1.044079220830259302e+01,1.515781915230302035e+00
-2.949275039636566120e+00,1.054636506879394275e+01,1.549075201316753914e+00
-2.768332557614503031e+00,1.065099530642377879e+01,1.582398988730795431e+00
-2.586790181681737799e+00,1.075468570459148765e+01,1.615738677774815946e+00
-2.404657503774354943e+00,1.085743904669645410e+01,1.649079624752335604e+00
-2.221944115828446975e+00,1.095925811613806289e+01,1.682407149212768349e+00
-2.038659609780098858e+00,1.106014569631570055e+01,1.715706541339407698e+00
-1.854813577565399996e+00,1.116010457062875183e+01,1.748963069474421150e+00
-1.670415611120443788e+00,1.125913752247659971e+01,1.782161987774433021e+00
-1.485475302381314755e+00,1.135724733525863783e+01,1.815288543989987291e+00
-1.300002243284105852e+00,1.145443679237423851e+01,1.848327987361957359e+00
-1.114006025764902041e+00,1.155070867722279715e+01,1.881265576627745517e+00
-9.274962417597962805e-01,1.164606577320369141e+01,1.914086588129865207e+00
-7.404824832048739758e-01,1.174051086371631669e+01,1.946776324019314774e+00
-5.529743420362258632e-01,1.183404673216004888e+01,1.979320120545930095e+00
-3.649814101899444552e-01,1.192667616193427449e+01,2.011703356427702705e+00
-1.765132796021107175e-01,1.201840193643838361e+01,2.043911461290892184e+00
1.242045779117662008e-02,1.210922683907175923e+01,2.075929924172553065e+00
2.018102100538374799e-01,1.219915365323378253e+01,2.107744302076970833e+00
3.916463852497744647e-01,1.228818516232384539e+01,2.139340228577312431e+00
5.819193914429061643e-01,1.237632414974132899e+01,2.170703422453695630e+00
7.726196366971409546e-01,1.246357339888562166e+01,2.201819696358715550e+00
9.637375290763858793e-01,1.254993569315610280e+01,2.232674965501386666e+00
1.155263476644555976e+00,1.263541381595216251e+01,2.263255256340332089e+00
1.347187887465559175e+00,1.272001055067318376e+01,2.293546715276952419e+00
1.539501169603310959e+00,1.280372868071855308e+01,2.323535617339270498e+00
1.732193731121717928e+00,1.288657098948765878e+01,2.353208374847035600e+00
1.925255980084694230e+00,1.296854026037987850e+01,2.382551546048631064e+00
2.118678583615227762e+00,1.304963879477394428e+01,2.411551850939208208e+00
2.312455887317719228e+00,1.312986204964820658e+01,2.440196279149724035e+00
2.506584970620995723e+00,1.320920039526543377e+01,2.468472081938569929e+00
2.701062977848969648e+00,1.328764408114070328e+01,2.496366705727202984e+00
2.895887053325572058e+00,1.336518335678910852e+01,2.523867795951375559e+00
3.091054341374718906e+00,1.344180847172572690e+01,2.550963202523279794e+00
3.286561986320338580e+00,1.351750967546564652e+01,2.577640985071727897e+00
3.482407132486351475e+00,1.359227721752396256e+01,2.603889417958057617e+00
3.678586924196672658e+00,1.366610134741574178e+01,2.629696995065792020e+00
3.875098505775236735e+00,1.373897231465608648e+01,2.655052434362437097e+00
4.071939021545954773e+00,1.381088036876007585e+01,2.679944682232108910e+00
4.269105615832761380e+00,1.388181575924279443e+01,2.704362917578089220e+00
4.466595432959563183e+00,1.395176873561932318e+01,2.728296555694681214e+00
4.664405617250299230e+00,1.402072954740475730e+01,2.751735251908152602e+00
4.862533313028881921e+00,1.408868844411417598e+01,2.774668904986823392e+00
5.060975664619234315e+00,1.415563567526266731e+01,2.797087660320768165e+00
5.259729816345283027e+00,1.422156149036531403e+01,2.818981912871898476e+00
5.458792912530943120e+00,1.428645613893720423e+01,2.840342309895538264e+00
5.658162097500146537e+00,1.435030987049342421e+01,2.861159753434955988e+00
5.857834515576806567e+00,1.441311293454905496e+01,2.881425402590627627e+00
6.057807311084854263e+00,1.447485558061918809e+01,2.901130675566376826e+00
6.258077628348206467e+00,1.453552805821889748e+01,2.920267251494784944e+00
6.458642611690784463e+00,1.459512061686328366e+01,2.938827072044691402e+00
6.659499405436515751e+00,1.465362350606742226e+01,2.956802342813839690e+00
6.860645153909317173e+00,1.471102697534640491e+01,2.974185534510064954e+00
7.062077001433115342e+00,1.476732127421530905e+01,2.990969383924744207e+00
7.263792092331831540e+00,1.482249665218922985e+01,3.007146894702519724e+00
7.465787570929388828e+00,1.487654335878324297e+01,3.022711337911574425e+00
7.668060581549708488e+00,1.492945164351244003e+01,3.037656252419101310e+00
7.870608268516710915e+00,1.498121175589190734e+01,3.051975445076815063e+00
8.073427776154321833e+00,1.503181394543672234e+01,3.065662990721689241e+00
8.276516248786460750e+00,1.508124846166198019e+01,3.078713231997336930e+00
8.479870830737054277e+00,1.512950555408276188e+01,3.091120779001752084e+00
8.683488666330017480e+00,1.517657547221415193e+01,3.102880508767356105e+00
8.887366899889283189e+00,1.522244846557123843e+01,3.113987564579550948e+00
9.091502675738768247e+00,1.526711478366910413e+01,3.124437355140242900e+00
9.295893138202391270e+00,1.531056467602284066e+01,3.134225553583004142e+00
9.500535431604079761e+00,1.535278839214752189e+01,3.143348096346781695e+00
9.705426700267755891e+00,1.539377618155824123e+01,3.151801181915285799e+00
9.910564088517338277e+00,1.543351829377008322e+01,3.159581269429375006e+00
1.011594474067675442e+01,1.547200497829813592e+01,3.166685077179983931e+00
1.032156580106992472e+01,1.550922648465748210e+01,3.173109580989303069e+00
1.052742441402077311e+01,1.554517306236320806e+01,3.178852012488116330e+00
1.073351772385321290e+01,1.557983496093039477e+01,3.183909857297372525e+00
1.093984287489117868e+01,1.561320242987413032e+01,3.188280853122217540e+00
1.114639701145858552e+01,1.564526571870950278e+01,3.191962987766876925e+00
1.135317727787936093e+01,1.567601507695159668e+01,3.194954497078914102e+00
1.156018081847741996e+01,1.570544075411549123e+01,3.197253862831520355e+00
1.176740477757669545e+01,1.573353299971628338e+01,3.198859810552622029e+00
1.197484629950110246e+01,1.576028206326905057e+01,3.199771307309678292e+00
1.218250252857455962e+01,1.578567819428887731e+01,3.199987559459171571e+00
1.239037060912099975e+01,1.580971164229085524e+01,3.199508010369858102e+00
1.259844768546433613e+01,1.583237265679006534e+01,3.198332338128929475e+00
1.280673090192849806e+01,1.585365148730159390e+01,3.196460453240308475e+00
1.301521740283740591e+01,1.587353838334052902e+01,3.193892496324342467e+00
1.322390433251497477e+01,1.589202359442194812e+01,3.190628835828217547e+00
1.343278883528513745e+01,1.590909737006094815e+01,3.186670065756428194e+00
1.364186805547181613e+01,1.592474995977260654e+01,3.182017003430671842e+00
1.385113913739892766e+01,1.593897161307200783e+01,3.176670687288531081e+00
1.406059922539039242e+01,1.595175257947424363e+01,3.170632374730308456e+00
1.427024546377013081e+01,1.596308310849439138e+01,3.163903540023347283e+00
1.448007499686208277e+01,1.597295344964754982e+01,3.156485872273164794e+00
1.469008496899015803e+01,1.598135385244879281e+01,3.148381273470641339e+00
1.490027252447827522e+01,1.598827456641320310e+01,3.139591856624482702e+00
1.511063480765036360e+01,1.599370584105587589e+01,3.130119943988086906e+00
1.532116896283033824e+01,1.599763792589189748e+01,3.119968065389849166e+00
1.553187213434213199e+01,1.600006107043634529e+01,3.109138956675868481e+00
1.574274146650965989e+01,1.600096552420430385e+01,3.097635558273871936e+00
1.595377410365685122e+01,1.600034153671087012e+01,3.085461013887056403e+00
1.616496545977450694e+01,1.599817911939940984e+01,3.072618777063260698e+00
1.637629735307643131e+01,1.599446641310827566e+01,3.059113410658731880e+00
1.658774517712093299e+01,1.598919067472538025e+01,3.044950298657849164e+00
1.679928428735234291e+01,1.598233915589465148e+01,3.030135280012743237e+00
1.701089003921499554e+01,1.597389910826000836e+01,3.014674637352198872e+00
1.722253778815320402e+01,1.596385778346535922e+01,2.998575087383018811e+00
1.743420288961132414e+01,1.595220243315464437e+01,2.981843770751140710e+00
1.764586069903366550e+01,1.593892030897177392e+01,2.964488241386066925e+00
1.785748657186456967e+01,1.592399866256066865e+01,2.946516455353269226e+00
1.806905586354835336e+01,1.590742474556524755e+01,2.927936759240369113e+00
1.828054392952934393e+01,1.588918580962944027e+01,2.908757878103943373e+00
1.849192612525189361e+01,1.586926910639715871e+01,2.888988903004786835e+00
1.870317780616031555e+01,1.584766188751232541e+01,2.868639278160433292e+00
1.891427432769894423e+01,1.582435140461887180e+01,2.847718787744564661e+00
1.912519104531209990e+01,1.579932490936070266e+01,2.826237542363820854e+00
1.933590331444412058e+01,1.577256965338174410e+01,2.804205965243228960e+00
1.954638649053934429e+01,1.574407288832592045e+01,2.781634778152212828e+00
1.975661592904208774e+01,1.571382186583715246e+01,2.758534987103736569e+00
1.996656698539667829e+01,1.568180383755935559e+01,2.734917867859761653e+00
2.017621501504745396e+01,1.564800605513646126e+01,2.710794951276652043e+00
2.038553537343874211e+01,1.561241577021237958e+01,2.686178008524671590e+00
2.059450341601487722e+01,1.557502023443103312e+01,2.661079036216048355e+00
2.080309449822017598e+01,1.553580669943634973e+01,2.635510241476461957e+00
2.101128397549898352e+01,1.549476241687224487e+01,2.609484026995014361e+00
2.121904720329560945e+01,1.545187463838263930e+01,2.583012976088026047e+00
2.142635953705439888e+01,1.540713061561145025e+01,2.556109837812055474e+00
2.163319633221968274e+01,1.536051760020260382e+01,2.528787512161702722e+00
2.183953294423578839e+01,1.531202284380002610e+01,2.501059035387752427e+00
2.204534472854703253e+01,1.526163359804762898e+01,2.472937565471160060e+00
2.225060704059776384e+01,1.520933711458933324e+01,2.444436367788338060e+00
2.245529523583230258e+01,1.515512064506906675e+01,2.415568801003079802e+00
2.265938466969497966e+01,1.509897144113073963e+01,2.386348303220148015e+00
2.286285069763012245e+01,1.504087675441828331e+01,2.356788378435475728e+00
2.306566867508205476e+01,1.498082383657561678e+01,2.326902583317470352e+00
2.326781395749512527e+01,1.491879993924665904e+01,2.296704514353677506e+00
2.346926190031364712e+01,1.485479231407532374e+01,2.266207795396600666e+00
2.366998785898196545e+01,1.478878821270554766e+01,2.235426065641999749e+00
2.386996718894438985e+01,1.472077488678123558e+01,2.204372968072589423e+00
2.406917524564525479e+01,1.465073958794631892e+01,2.173062138399380228e+00
2.426758738452890185e+01,1.457866956784471313e+01,2.141507194532399794e+00
2.446517896103964773e+01,1.450455207812033720e+01,2.109721726611873294e+00
2.466192533062183045e+01,1.442837437041712079e+01,2.077719287630170886e+00
2.485780184871977383e+01,1.435012369637898111e+01,2.045513384674184199e+00
2.505278387077781233e+01,1.426978730764982828e+01,2.013117470816939925e+00
2.524684675224027686e+01,1.418735245587360261e+01,1.980544937686407270e+00
2.543996584855149123e+01,1.410280639269420888e+01,1.947809108738573602e+00
2.563211651515578637e+01,1.401613636975557142e+01,1.914923233260917401e+00
2.582327410749748964e+01,1.392732963870161633e+01,1.881900481131324021e+00
2.601341398102093905e+01,1.383637345117626261e+01,1.848753938356558768e+00
2.620251149117046552e+01,1.374325505882342746e+01,1.815496603413096821e+00
2.639054199339038576e+01,1.364796171328703522e+01,1.782141384412113894e+00
2.657748084312503778e+01,1.355048066621100666e+01,1.748701097108974922e+00
2.676330339581874540e+01,1.345079916923926078e+01,1.715188463776432970e+00
2.694798500691584309e+01,1.334890447401571834e+01,1.681616112959189557e+00
2.713150103186066531e+01,1.324478383218430189e+01,1.647996580126079413e+00
2.731382682609753232e+01,1.313842449538893220e+01,1.614342309234565676e+00
2.749493774507076793e+01,1.302981371527352827e+01,1.580665655220567789e+00
2.767480914422472793e+01,1.291893874348201621e+01,1.546978887424979909e+00
2.785341637900372191e+01,1.280578683165830789e+01,1.513294193966399304e+00
2.803073480485208080e+01,1.269034523144632942e+01,1.479623687067623372e+00
2.820673977721413195e+01,1.257260119448999980e+01,1.445979409341620503e+00
2.838140665153421338e+01,1.245254197243324690e+01,1.412373341040420227e+00
2.855471078325665601e+01,1.233015481691998438e+01,1.378817408268298239e+00
2.872662752782577655e+01,1.220542697959412948e+01,1.345323492158295942e+00
2.889713224068590591e+01,1.207834571209960828e+01,1.311903439008655026e+00
2.906619988924413178e+01,1.194889873157858950e+01,1.278569163713071610e+00
2.923378967323213473e+01,1.181709267043224898e+01,1.245336314202516892e+00
2.939983990565328043e+01,1.168295921725208153e+01,1.212225442327770741e+00
2.956428746222668025e+01,1.154653178482823961e+01,1.179257312765633170e+00
2.972706921867145979e+01,1.140784378595085968e+01,1.146452521557449256e+00
2.988812205070669492e+01,1.126692863341008533e+01,1.113831458841271438e+00
3.004738283405151122e+01,1.112381973999604590e+01,1.081414272469867210e+00
3.020478844442500943e+01,1.097855051849888319e+01,1.049220832641312384e+00
3.036027575754630092e+01,1.083115438170873901e+01,1.017270697666916135e+00
3.051378164913450064e+01,1.068166474241575337e+01,9.855830809987540242e-01
3.066524299490869154e+01,1.053011501341006628e+01,9.541768196363249466e-01
3.081459667058800278e+01,1.037653860748180890e+01,9.230703440286385231e-01
3.096177955189152797e+01,1.022096893742112655e+01,8.922816495847180063e-01
3.110672851453837495e+01,1.006343941601815573e+01,8.618282699016373005e-01
3.124938043424766221e+01,9.903983456063038204e+00,8.317272518153109306e-01
3.138967218673847626e+01,9.742634470345915787e+00,8.019951323750359462e-01
3.152754064772994980e+01,9.579425871656917835e+00,7.726479178383049984e-01
3.166292269294115869e+01,9.414391072786187920e+00,7.437010647779408457e-01
3.179575519809123207e+01,9.247563486523866061e+00,7.151694633887366592e-01
3.192597503889927069e+01,9.078976525660099384e+00,6.870674230760749346e-01
3.205351909108438946e+01,8.908663602985010144e+00,6.594086604039650634e-01
3.217832423036568201e+01,8.736658131288745466e+00,6.322062894749892470e-01
3.230032733246225263e+01,8.562993523361445369e+00,6.054728148095573914e-01
3.241946527309323045e+01,8.387703191993249874e+00,5.792201267868124503e-01
3.253567492797769489e+01,8.210820549974298999e+00,5.534594997043619236e-01
3.264889317283476800e+01,8.032379010094725658e+00,5.282015925089147412e-01
3.275905688338355759e+01,7.852411985144669870e+00,5.034564522447023682e-01
3.286610293534316440e+01,7.670952887914275209e+00,4.792335202614078082e-01
3.296996820443269627e+01,7.488035131193685245e+00,4.555416412180277597e-01
3.307058956637126101e+01,7.303692127773024012e+00,4.323890749138546430e-01
3.316790389687796647e+01,7.117957290442438634e+00,4.097835109723111380e-01
3.326184807167192758e+01,6.930864031992071794e+00,3.877320863978317989e-01
3.335235896647222376e+01,6.742445765212053743e+00,3.662414060202645594e-01
3.343937345699799124e+01,6.552735902892538711e+00,3.453175658352685695e-01
3.352282841896831656e+01,6.361767857823647176e+00,3.249661792428996665e-01
3.360266072810232885e+01,6.169575042795528041e+00,3.051924061798828580e-01
3.367880726011911463e+01,5.976190870598317773e+00,2.860009851339288534e-01
3.375120489073778174e+01,5.781648754022157277e+00,2.673962680207243592e-01
3.381979049567743800e+01,5.585982105857190128e+00,2.493822578958881930e-01
3.388450095065720546e+01,5.389224338893545685e+00,2.319626494650660065e-01
3.394527313139617775e+01,5.191408865921364857e+00,2.151408723453966110e-01
3.400204391361346268e+01,4.992569099730790327e+00,1.989201370207482056e-01
3.405475017302816809e+01,4.792738453111967445e+00,1.833034834212100284e-01
3.410332878535939471e+01,4.591950338855020242e+00,1.682938320444429536e-01
3.414771662632626459e+01,4.390238169750094954e+00,1.538940375223931678e-01
3.418785057164787133e+01,4.187635358587330714e+00,1.401069445216760745e-01
3.422366749704332989e+01,3.984175318156867540e+00,1.269354458495513260e-01
3.425510427823174098e+01,3.779891461248849893e+00,1.143825426199197859e-01
3.428209779093222664e+01,3.574817200653404470e+00,1.024514063151507753e-01
3.430458491086385919e+01,3.368985949160674842e+00,9.114544256000425837e-02
3.432250251374576777e+01,3.162431119560801474e+00,8.046835640343671936e-02
3.433578747529706732e+01,2.955186124643923495e+00,7.042421888296782062e-02
3.434437667123684435e+01,2.747284377200187144e+00,6.101753462465643596e-02
3.434820697728422090e+01,2.538759290019716897e+00,5.225331020980714114e-02
3.434721526915829770e+01,2.329644275892658545e+00,4.413712301765401053e-02
3.434133842257819680e+01,2.119972747609152108e+00,3.667519023158468533e-02
3.433051331326299760e+01,1.909778117959342936e+00,2.987443767535337760e-02
3.431467681693181504e+01,1.699093799733355281e+00,2.374256812539416936e-02
3.429376580930376406e+01,1.487953205721336492e+00,1.828812872608475207e-02
3.426771716609795249e+01,1.276389748713424810e+00,1.352057711675755218e-02
3.423646776303348815e+01,1.064436841499759145e+00,9.450345862705048644e-03
3.419995447582947179e+01,8.521278968704866230e-01,6.088904767345822318e-03
3.415811418020500412e+01,6.394963276157308307e-01,3.448820629282486373e-03
3.411088375187919297e+01,4.265755465256384493e-01,1.543813996058726818e-03
3.405820006657116039e+01,2.133989663903485545e-01,3.888124559623052290e-04
3.400000000000000000e+01,0.000000000000000000e+00,4.799231304517944345e-32
